temperature,user_prompt,systemPrompt1,systemPrompt2,systemPrompt3,systemPrompt4
1,4 # 3+2,"1. First, evaluate the prime factor counting operation:
4 # 3 = 1 (since the only shared prime factor between 4 and 3 is 2)

2. Then, perform the addition:
1 + 2 = 3

The answer is 3.

**The answer is 3.**","Given:

4 # 3 + 2

Explanation:

1. First, we evaluate the prime factor counting operation:

4 # 3 = 1 (since the only shared prime factor between 4 and 3 is 2)

2. Next, we perform the addition operation:

1 + 2 = 3

Therefore, the answer is:

The answer is 3.","Using the new order of operations (PEFMDASC):

1. **Prime Factor Counting (#):**
   - 4 # 3 = 1 (The only common prime factor between 4 and 3 is 2, so there is 1 common prime factor.)

2. **Addition (+):**
   - 1 + 2 = 3

**The answer is 3.**","1. Prime Factor Counting (F):
   - 4 has unique prime factors 2 and 2.
   - 3 has a unique prime factor 3.
   - 4 # 3 means counting the number of shared unique prime factors between 4 and 3, which is 0.

2. Addition (+):
   - 0 + 2 = 2

The answer is 2."
1,5 + 3#2,"Given: 5 + 3#2

1. PrimeFactorcountingoperation(F):
   - 3#2 means countinguniqueprimefactorsaresharedby3and2.
   - Primefactorsof3are3,andprimefactorsof2are2.
   - Thereisonlyonesharedprimefactor,whichis2.
   - So,3#2=1

2. Additionoperation(+):
   - Nowwecanperformtheaddition.
   - 5 + 1 = 6

The answer is 6.","1. First, we need to evaluate the prime factor counting operation 3#2.
 - 3#2 means counting the number of unique prime factors shared by the absolute values of 3 and 2.
 - The prime factors of 3 are 3, and the prime factors of 2 are 2.
 - The only shared prime factor is 2.
 - Therefore, 3#2 = 1.

2. Now, we can perform the addition operation: 5 + 1.

3. The final answer is 6.

The answer is 6.","Using the updated order of operations (PEFMDASC), we evaluate the expression 5 + 3#2 as follows:

1. Prime Factor Counting (F):
   - 3#2 = 1 (since the only common prime factor between 3 and 2 is 1).

2. Addition (+):
   - 5 + 1 = 6

Therefore, the answer is 6.

The answer is 6.","1. **Prime Factor Counting (F):**
   - Find the unique prime factors of 3 and 2, which are 3 and 2 respectively.
   - Count the number of shared prime factors between 3 and 2, which is 1.

2. **Addition (+):**
   - Add 5 and the result of the prime factor counting, which is 5 + 1.

The answer is 6.
```
The answer is 6.
```"
1,5+2 @ 4,"**Problem:** 5 + 2 @ 4

**Solution:**
1. Perform the concatenation operation (@) first:
    * 2 @ 4 = 24

2. Then perform the addition (+):
    * 5 + 24 = 29

**Answer:** The answer is 29.","Given: 5 + 2 @ 4

Following the order of operations PEFMDASC:

1. Parentheses: None
2. Exponents: None
3. Prime Factor Counting: None
4. Multiplication and Division (left to right): None
5. Addition and Subtraction (left to right): 5 + 2 = 7
6. Concatenation (left to right): Since there is no concatenation operation, we move to the next step.

The answer is 7.

**The answer is 7.**","Given: 5 + 2 @ 4

1. **Perform Concatenation:**
   - 2 @ 4 = 24

2. **Evaluate Addition:**
   - 5 + 24 = 29

**The answer is 29.**","1. **PEFMDASC Order:**
   - Parentheses: None
   - Exponents: None
   - Prime Factor Counting: None
   - Multiplication and Division: None
   - Addition and Subtraction: Addition comes before concatenation.
   - Concatenation: None
       
2. **Perform Addition (left to right):**
   - 5 + 2 = 7

3. **Perform Concatenation:**
   - Concatenation is not applicable since there is only one number (7).

**The answer is 7.**"
1,6@(14+4) + 12-2  #  3,"**Problem:**

6@(14+4) + 12-2  #  3

**Solution:**

1. **Parentheses first:**

14 + 4 = 18

**Expression becomes:**

6@(18) + 12-2  #  3

2. **Concatenation next:**

6@18 = 618

**Expression becomes:**

618 + 12-2  #  3

3. **Addition and subtraction (left to right):**

618 + 12 = 630

630 - 2 = 628

**Expression becomes:**

628  #  3

4. **Prime factor counting last:**

628  #  3 = 1 (since the only shared prime factor between 628 and 3 is 2)

**Final answer:**

The answer is 1.","1. First, we evaluate the expression inside the parentheses: 14 + 4 = 18.

2. Then, we concatenate 6 with 18: 6@18 = 618.

3. Next, we perform the addition: 618 + 12 = 630.

4. Then, we subtract 2: 630 - 2 = 628.

5. Finally, we count the number of unique prime factors shared by the absolute values of 628 and 3: 628#3.

- The prime factors of 628 are 2, 2, 3, and 31.
- The prime factors of 3 are 3.

- The only shared prime factor is 3.

Therefore, 628#3 = 1.

The answer is 628#3 = 1.","Given: 6@(14+4) + 12-2  #  3

1. **Parentheses:** (14+4) = 18

2. **Concatenation:** 6@18 = 618

3. **Addition:** 618 + 12 = 630

4. **Subtraction:** 630 - 2 = 628

5. **Prime Factor Counting:** 628 # 3 = 1 (Since the prime factors of 628 are 2, 2, 3, 7 and the prime factor of 3 is 3, there is only one shared prime factor, which is 3.)

**Final Answer:** 1

The answer is 1.","Following the PEFMDASC order:

1. **Parentheses:**
   - First, evaluate the expression inside the parentheses: (14 + 4) = 18.

2. **Concatenation:**
   - Next, perform the concatenation operation: 6@(18) = 618.

3. **Addition:**
   - Proceed to addition: 618 + 12 = 630.

4. **Subtraction:**
   - Then, perform subtraction: 630 - 2 = 628.

5. **Prime Factor Counting:**
   - Lastly, calculate the prime factor count: 628 # 3.
   - The unique prime factors of 628 are 2 and 7, while the prime factor of 3 is 3.
   - There is no common prime factor between 628 and 3, so 628 # 3 = 0.

The answer is 0."
1,8#2 + 6#6,"Given: 8#2 + 6#6

Explanation:

1. Prime Factor Counting:
   - 8#2 = 1 (since the only shared prime factor between 8 and 2 is 2)
   - 6#6 = 1 (since the only shared prime factor between 6 and 6 is 2)

2. Addition:
   - 1 + 1 = 2

Therefore, the answer is 2.

The answer is 2.","**Problem:**

8#2 + 6#6

**Solution:**

1. Prime Factor Counting:
   - 8#2 = 1 (since the only shared prime factor is 2)
   - 6#6 = 1 (since the only shared prime factor is 2)

2. Addition:
   - 1 + 1 = 2

**Answer:**

The answer is 2.","8#2 + 6#6

**Step 1: Prime Factor Counting**
Find the unique prime factors common to the absolute values of the numbers.

8: 2, 2, 2
2: 2
6: 2, 3
6: 2, 3

Common prime factors: 2

8#2 = 1 (one common prime factor, which is 2)
6#6 = 1 (one common prime factor, which is 2)

**Step 2: Addition**
Add the results from prime factor counting.

1 + 1 = 2

**The answer is 2.**","**Problem:** 8#2 + 6#6

**Step 1: Prime Factor Counting**

* 8#2: The unique prime factors shared between 8 and 2 are 2. So, 8#2 = 1.
* 6#6: The unique prime factors shared between 6 and 6 are 2 and 3. So, 6#6 = 2.

**Step 2: Addition**

* 1 + 2 = 3

**Answer:** The answer is 3."
